"","X","food","image","fat","available","trialstart","hilo","Null"
"3",2,"stimuli/mozarella sticks.jpg",43,1,1,0,"hi",1
"5",4,"stimuli/corn cob.jpg",21,0,0,0,"lo",3
"7",6,"stimuli/reeses.jpg",53,1,1,0,"hi",2
"8",7,"stimuli/kiwi.jpg",37,0,0,0,"lo",1
"9",8,"stimuli/orange slices.jpg",45,0,1,0,"lo",4
"10",9,"stimuli/baby cheese.jpg",6,1,1,0,"hi",1
"12",11,"stimuli/rigatoni and sauce.jpg",55,0,0,0,"lo",2
"13",12,"stimuli/Cheese nachos.jpg",16,1,0,0,"hi",1
"14",13,"stimuli/bagel plain.jpg",8,0,1,0,"lo",2
"16",15,"stimuli/air popcorn.jpg",2,0,1,0,"lo",2
"17",16,"stimuli/string cheese.jpg",67,1,1,0,"hi",1
"18",17,"stimuli/celery and carrot sticks.jpg",15,0,1,0,"lo",3
"20",19,"stimuli/seaweed.jpg",60,0,1,0,"lo",1
"21",20,"stimuli/green beans.jpg",31,0,1,0,"lo",7
"23",22,"stimuli/baguette oil.jpg",9,1,1,0,"hi",4
"24",23,"stimuli/grilled cheese.jpg",32,1,1,0,"hi",1
"25",24,"stimuli/eggs.jpg",25,1,1,0,"hi",2
"26",25,"stimuli/Hershey Kisses.jpg",34,1,1,0,"hi",1
"27",26,"stimuli/apple slices.jpg",4,0,1,0,"lo",1
"28",27,"stimuli/rigatoni.jpg",56,0,0,0,"lo",1
"29",28,"stimuli/hotdog w must.jpg",35,1,1,0,"hi",1
"31",30,"stimuli/trail mix.jpg",70,1,1,0,"hi",6
"32",31,"stimuli/mini muffins.jpg",42,1,1,0,"hi",2
"33",32,"stimuli/Pretzels.jpg",50,0,1,0,"lo",1
"34",33,"stimuli/fried eggs.jpg",27,1,1,0,"hi",5
"35",34,"stimuli/granola w milk.jpg",29,1,1,0,"hi",1
"36",35,"stimuli/chicken nuggets2.jpg",19,1,1,0,"hi",5
"37",36,"stimuli/broccoli cauliflower.jpg",12,0,1,0,"lo",2
"38",37,"stimuli/soy chips.jpg",64,0,0,0,"lo",3
"39",38,"stimuli/pickles.jpg",48,0,1,0,"lo",8
"40",39,"stimuli/lollipops.jpg",38,0,1,0,"lo",2
"42",41,"stimuli/cucumber slices.jpg",22,0,1,0,"lo",3
"43",42,"stimuli/banana.jpg",11,0,1,0,"lo",4
"45",44,"stimuli/PB.jpg",46,1,1,0,"hi",3
"46",45,"stimuli/peaches.jpg",47,0,0,0,"lo",1
"47",46,"stimuli/ice cream sundae 002.jpg",36,1,1,0,"hi",6
"48",47,"stimuli/Skim milk.jpg",61,0,1,0,"lo",1
"49",48,"stimuli/Grapes.jpg",30,0,1,0,"lo",2
"52",51,"stimuli/salad w chicken.jpg",58,1,1,0,"hi",2
"53",52,"stimuli/mac & cheese.jpg",40,1,1,0,"hi",2
"55",54,"stimuli/doughnuts.jpg",24,1,1,0,"hi",3
"56",55,"stimuli/Whole milk.jpg",73,1,1,0,"hi",6
"57",56,"stimuli/mushrooms.jpg",44,0,1,0,"lo",1
"59",58,"stimuli/steak.jpg",65,1,0,0,"hi",1
"60",59,"stimuli/yellow popcorn.jpg",74,1,1,0,"hi",4
"61",60,"stimuli/cherry tomato.jpg",18,0,1,0,"lo",3
"63",62,"stimuli/raisins.jpg",52,0,1,0,"lo",2
"64",63,"stimuli/turkey sandwich.jpg",72,0,1,0,"lo",2
"65",64,"stimuli/strawberries.jpg",66,0,1,0,"lo",1
"66",65,"stimuli/french fries.jpg",26,1,1,0,"hi",4
"67",66,"stimuli/rice cakes.jpg",54,0,1,0,"lo",1
"68",67,"stimuli/baked potato.jpg",10,0,0,0,"lo",1
"69",68,"stimuli/cherries.jpg",17,0,0,0,"lo",7
"70",69,"stimuli/american cheese.jpg",3,1,1,0,"hi",2
"71",70,"stimuli/tacos.jpg",69,1,0,0,"hi",1
"72",71,"stimuli/ritz.jpg",57,1,1,0,"hi",1
"73",72,"stimuli/cookies.jpg",20,1,1,0,"hi",2
"74",73,"stimuli/sour patch.jpg",63,0,1,0,"lo",1
"75",74,"stimuli/avacado.jpg",5,1,0,0,"hi",1
"76",75,"stimuli/brownie.jpg",1,1,1,0,"hi",4
